default,identifier,remarks,ru,pt,de,esm,fr
FlexiHUD settings,JGPHUD_SETTINGS_TITLE,"FlexiHUD is the mod's name, do not localize",Настройки FlexiHUD,Opções do FlexiHUD,FlexiHUD Einstellungen,Configuración de FlexiHUD,Configuration de FlexiHud
Display FlexiHUD,JGPHUD_GENERAL_ENABLEHUD,A simple On/Off toggle that allows to completely disable the whole HUD,Показывать FlexiHUD,Ativar o FlexiHUD,FlexiHUD anzeigen,Habilitar FlexiHUD,Affichage de FlexiHUD
Toggle FlexiHUD key,JGPHUD_GENERAL_ENABLEHUD_BIND,An option that lets you specify a custom key that will toggle the HUD on and off,Клавиша вкл/откл FlexiHUD,Alternar o FlexiHUD,Schnelltaste für FlexiHUD,Alternar HUD,Alterner touches de FlexiHUD
General,JGPHUD_GENERAL_TITLE,Title for the general options,Общее,Geral,Allgemein,General,Géneral
Appearance and scaling options,JGPHUD_GENERAL_APPEARANCE_TITLE,Submenu in the main menu that is simply a collection of visibility options for every HUD block. Lets the user quickly toggle specific blocks on/off without having to enter each block's specific submenu.,Внешний вид и масштабирование,Opções de aparência e escala,,,
Quick visibility options,JGPHUD_GENERAL_VISIBILITY_TITLE,Submenu in the main menu that only contains a list of options that control visibility of all elements. This lets the user quickly toggle elements on/off without having to open each element's individual menu.,Быстрая настройка отображения элементов,Opções rápidas de visibilidade,,,
Background,JGPHUD_GENERAL_APPEARANCE_BACKGROUND,"Subtitle in the ""Apperance..."" submenu. Followed by a few options related to the HUD's background.",Фон,Fundo,,,
Main HUD font,JGPHUD_GENERAL_FONT_MAIN,This fields lets the user input the name of a custom font to be used in the HUD,Основной шрифт,Fonte de HUD principal,,,
Medium HUD font,JGPHUD_GENERAL_FONT_MEDIUM,This fields lets the user input the name of a custom font to be used in the HUD,Средний шрифт,Fonte de HUD médio,,,
Smallest HUD font,JGPHUD_GENERAL_FONT_SMALL,This fields lets the user input the name of a custom font to be used in the HUD,Мелкий шрифт,Fonte de HUD menor,,,
Scaling,JGPHUD_GENERAL_APPEARANCE_SCALING,Generic term. A slider that controls the scale of the HUD.,Масштабирование,Escala,,,
Use clean offset scaling,JGPHUD_GENERAL_APPEARANCE_CLEANOFSSCALE,"General setting under the ""Apperance and scaling options"" menu. This determines how the individual offsets for each element work. If this is enabled, the offsets will become absolute values, ignoring current UI scaling settings. This is preferable for more precise positioning of HUD elements.",Использовать абсолютное смещение,,,,
"If enabled, offsets applied to the elements ignore
current resolution and UI scale.",JGPHUD_GENERAL_APPEARANCE_CLEANOFSSCALE_NOTE,Description of the above option. Keep under 2 lines.,"Если включить этоу настройку, положение смещенных
элементов не будет зависить от масштаба интерфейса.",,,,
Base FlexiHUD scale,JGPHUD_GENERAL_APPEARANCE_BASESCALE,This is a slider that controls the base scale value of the HUD; all individual elements can also be scaled relative to this one.,Базовый масштаб FlexiHUD,Escala base do FlexiHUD,,,
Use built-in HUD scaling,JGPHUD_GENERAL_APPEARANCE_BASESCALE_DEF,"If enabled, FlexiHUD's base scale will follow GZDoom's built-in HUD scale settings.",Использовать исходный масштаб HUD'а,Usar escala do HUD embutida,,,
GZDoom HUD scaling options menu,JGPHUD_GENERAL_APPEARANCE_GZDoomScalingOptions,"This is just a shortcut that opens GZDoom's built-in ""HUD"" menu.",Открыть настройки масштабирования GZDoom,Opções de escala de HUD do GZDoom,,,
HUD background style,JGPHUD_GENERAL_BACKSTYLE,General appearance of the background: either a flat color or a texture,Стиль фона,Estilo do fundo,Hintergrundstil,Estilo de fondo,Style d'arrière-plan de l’ATH
Flat color,JGPHUD_GENERAL_BACKSTYLE_COLOR,Option for background appearance,Цветовая заливка,Cor sólida,Füllfarbe,Color sólido,Couleur uniforme
Texture,JGPHUD_GENERAL_BACKSTYLE_TEXTURE,Option for background appearance,Текстура,Textura,Textur,Texturizado,Texture
HUD background color,JGPHUD_GENERAL_BACKCOL,General background color,Цвет фона,Cor do fundo,Hintergrundfarbe,Color de fondo,Couleur d’arrière-plan
HUD background opacity,JGPHUD_GENERAL_BACKALPHA,General background opacity,Прозрачность фона,Opacidade do fundo,Hintergrunddeckkraft,Opacidad de fondo,Opacité de l’arrière-plan
Texture name,JGPHUD_GENERAL_BACKSTYLE_TEXNAME,"If the background mode is set to ""Texture"", this option will let the player input the name of the texture",Название текстуры,Nome da textura,Texturname,Nombre de la textura,Nom de la texture
"Enter the name of the desired texture here. It has to be
a texture that actually exists in the current game/mod.",JGPHUD_GENERAL_BACKSTYLE_TEXNAME_NOTE,"Keep under 3 lines
Use physical linebreaks (alt-Enter)","Укажите название текстуры. Эта текстура должна
существовать в текущей игре/текущем моде.","Insira o nome da textura aqui. Precisa ser uma
 textura que exista no jogo ou mod.","Trage den Namen der gewünschten Textur ein.
Die Textur muss im derzeitigen Spiel/Mod existieren.","Escribe el nombre de la textura. La textura
debe existir en el juego o mod actual.","Entrer le nom de la texture désirée ici. Cela doit être une
texture qui existe actuellement dans le jeu/mod actuel."
Texture fit mode,JGPHUD_GENERAL_BACKSTYLE_TEXFIT,An option that lets you choose whether the background HUD texture will be tiled or stretched to fit,Режим отрисовки текстуры,Modo de preenchimento da textura,Texturanpassung,Modo de ajuste de la textura,Mode d'ajustement des textures
Tile,JGPHUD_GENERAL_BACKSTYLE_TEXFIT_TILE,"Option for ""Texture fit mode""",Замостить,Repetir,Kacheln,Repetir,Carreau
Stretch,JGPHUD_GENERAL_BACKSTYLE_TEXFIT_STRETCH,"Option for ""Texture fit mode""",Растянуть,Esticar,Strecken,Estirar,Étiré
Size of icons,JGPHUD_GENERAL_ICONSIZE,"This is used for several different options: inventory bar, weapon slots, powerup display",Размер значков,Tamanho dos ícones,Icongrösse,Tamaño de los iconos,Taille des icônes
Reset ALL FlexiHUD settings to default,JGPHUD_GENERAL_RESETALL,Label for a menu command that resets ALL console variables related to FlexiHUD to their default values,Сбросить ВСЕ настройки FlexiHUD,Redefinir TODAS as configurações do FlexiHUD,ALLE FlexiHUD-Einstellungen auf Vorgaben zurücksetzen,Reiniciar todas las configuraciones por defecto,Réinitialiser TOUTES les configurations de FlexiHUD par défault
Hide all elements,JGPHUD_GENERAL_HIDEALL,Option for the quick visibility menu that hides all FlexiHUD elements (without disabling the HUD),Скрыть все элементы,Ocultar todos os elementos,,,
Scale of the element,JGPHUD_ELEMENT_SCALE,"General string used in multiple submenus that is attached
to a slider that controls the scale of this element.",Масштаб элемента,Escala do elemento,,,
Position anchor point,JGPHUD_ELEMENT_POS,Lets the player choose the anchor point on the screen for the specified HUD element,Точка привязки элемента,Ponto da âncora,Ankerpunkt,Punto de anclaje,Point d’ancrage
Top left,JGPHUD_POS_TOPLEFT,Anchor point for the HUD element on the screen,Верхний левый угол,Canto superior esquerdo,Oben links,Superior izquierda,Haut à gauche
Top center,JGPHUD_POS_TOPCENTER,Anchor point for the HUD element on the screen,Середина верхней границы,Centro superior,Oben mitte,Superior centrado,Haut au centre
Top right,JGPHUD_POS_TOPRIGHT,Anchor point for the HUD element on the screen,Верхний правый угол,Canto superior direito,Oben rechts,Superior derecha,Haut à droite
Left center,JGPHUD_POS_LEFTCENTER,Anchor point for the HUD element on the screen,Середина левой границы,Centro esquerdo,Mitte links,Centro izquierda,Centre à gauche
Center,JGPHUD_POS_CENTER,Anchor point for the HUD element on the screen,Центр экрана,Centro,Mitte,Centrado,Centre
Right center,JGPHUD_POS_RIGHTCENTER,Anchor point for the HUD element on the screen,Середина правой границы,Centro direito,Mitte rechts,Centro derecha,Centre à droite
Bottom left,JGPHUD_POS_BOTTOMLEFT,Anchor point for the HUD element on the screen,Нижний левый угол,Canto inferior esquerdo,Unten links,Inferior izquierda,Bas à gauche
Bottom center,JGPHUD_POS_BOTTOMCENTER,Anchor point for the HUD element on the screen,Середина нижней границы,Centro inferior,Unten mitte,Inferior centrado,Bas au centre
Bottom right,JGPHUD_POS_BOTTOMRIGHT,Anchor point for the HUD element on the screen,Нижний правый угол,Canto inferior direito,Unten rechts,Inferior derecha,Bas à droite
Horizontal offset,JGPHUD_ELEMENT_OFSX,General option (every HUD element can be offset from their anchor point with this),Горизонтальный сдвиг элемента,Deslocamento horizontal,Horizontaler Versatz,Desplazamiento horizontal,Décalage Horizontal
Vertical offset,JGPHUD_ELEMENT_OFSY,General option (every HUD element can be offset from their anchor point with this),Вертикальный сдвиг элемента,Deslocamento vertical,Vertikaler Versatz,Desplazamiento vertical,Décalage Vertical
Color of numbers,JGPHUD_ELEMENT_NUMCOL,"Generic option name. Used in any element that has numbers (e.g. inventory bar, weapon slots). This option lets you adjust the color of those numbers.",Цвет цифр,Cor dos números,,,
Orientation,JGPHUD_ELEMENT_ALIGNMENT,"Generic option name. Used in any element that supports differnet alignment options, mainly horizontal and vertical (for example, weapon slots, powerups, inventory bar).",Ориентация,Orientação,,,
Left to right,JGPHUD_ELEMENT_ALIGNMENT_H,"Alignment option for things like weapon slots, powerup icons, and inventory bar",Слева направо,Esquerda para direita,,,
Top to bottom,JGPHUD_ELEMENT_ALIGNMENT_V,Alignment option (vertical - top to bottom),Сверху вниз,Cima para baixo,,,
Bottom to top,JGPHUD_ELEMENT_ALIGNMENT_VINV,Alignment option (vertical - bottom to top),Снизу вверх,Baixo para cima,,,
Incoming damage display,JGPHUD_DMGMARKERS_TITLE,Title for the damage display settings,Индикаторы получаемого урона,Marcadores de dano,Ankommender Schaden,Marcador de daño,Affichage des dommages entrants
Classic screen reddening multiplier,JGPHUD_DMGMARKERS_SCREENTINT,"This lets the player change the multiplier for the classic red screen tint when they take damage. If they prefer to only rely on damage markers as a damage indicator, they may choose to reduce this to 0.",Степень покраснения экрана при получении урона,Multiplicador do tinto de dano na tela,Multiplikator für klassische Bildschirmrötung,Enrojecimiento clásico,Multiplicateur de rougissement de l'écran classique
Directional incoming damage markers,JGPHUD_DMGMARKERS_ENABLE,"Directional damage markers are shown on the HUD, pointing to the enemy that just attacked the player",Направленные индикаторы получаемого урона,Marcadores de dano direcionais,Richtungsmarker für ankommenden Schaden,Marcador de daño direccional,Marqueurs directionnels de dégâts entrants
Maximum damage marker opacity,JGPHUD_DMGMARKERS_MAXALPHA,"A 0.0-1.0 slider. When a new damage marker appears, it uses this opacity value; then it fades out to zero.",Прозрачность индикаторов получаемого урона,Opacidade máxima dos marcadores de dano,Markerdeckkraft für Maximalschaden,Opacidad máxima de marcadores,Opacité maximale du marqueur de dégâts
Damage marker fade-out time (seconds),JGPHUD_DMGMARKERS_FADEOUTTIME,The time in seconds it takes a damage marker to completely fade out after appearing.,Время исчезновения индикаторов урона (сек.),Tempo de desvanecimento dos marcadores de dano (segundos),Ausblendzeit für Schadensmarker (Sekunden),Desvanecimiento de marcadores (segundos),Temps d'évanouissement du marqueur de dommage (secondes)
Health and armor,JGPHUD_MAINBARS_TITLE,Title for the submenu that controls the health/armor HUD element.,Здоровье и броня,Vida e armadura,,,
Health and armor display,JGPHUD_MAINBARS_ENABLE,"Whether and how the health/armor element is displayed. Possible options: Off, Numbers, Bars.",Отображение здоровья и брони,Exibir barras de vida e armadura,Gesundheit und Rüstung anzeigen,Mostrar vida y armadura,Affichage de santé et d’armure
Numbers,JGPHUD_MAINBARS_OPT_NUMBERS,Option for how health/armor is displayed: numbers or bars,Цифры,Números,Nummern,Numérico,Nombres
Bars,JGPHUD_MAINBARS_OPT_BARS,Option for how health/armor is displayed: numbers or bars,Шкалы,Barras,Leisten,Barra,Barres
Armor icon/absorption display,JPGHUD_MAINBARS_ARMDISPLAY,"Option that controls what is displayed next to the armor numbers: the armor's icon, its absorption percentage, or both (icon below, percentage on top)",Отображение значка/поглощения,Exibição do valor e ícone da armadura,,,
Armor icon only,JPGHUD_MAINBARS_ARMDISPLAY_ICON,Option for Armor icon/absorption display,Только значок брони,Apenas o ícone,,,
Armor absorption % only,JPGHUD_MAINBARS_ARMDISPLAY_ABSORB,Option for Armor icon/absorption display,Процент поглощения урона,Apenas o valor em por cento,,,
Armor icon and absorption %,JPGHUD_MAINBARS_ARMDISPLAY_BOTH,Option for Armor icon/absorption display,Значок и процент поглощения,Ícone e valor em por cento,,,
Health and armor color settings,JGPHUD_MAINBARS_NUMCOL_TITLE,"Title for a submenu with health/armor color settings. Located under ""Health and armor display"" menu",Настройки цветов здоровья и брони,Opções de cores da vida e armadura,,,
Armor colors,JGPHUD_MAINBARS_NUMCOL_ARMOR_TITLE,Subtitle for Health and armor color settings menu,Цвета брони,Cores da armadura,,,
Health colors,JGPHUD_MAINBARS_NUMCOL_HEALTH_TITLE,Subtitle for Health and armor color settings menu,Цвета здоровья,Cores da vida,,,
What color reflects,JGPHUD_MAINBARS_NUMCOL,This option allows adjusting the rules by which the Armor colors and Health colors are colorized. The options for Armor and Health are separate but their names are identical (they're just positioned in different sections).,Что отражает цвет,O que a cor reflete,,,
Current damage absorption,JGPHUD_MAINBARS_NUMCOL_ABSORB,"Option for ""What color reflects"". This one is only for Armor: color reflects the damage absorption of the current armor.",Процент поглощения урона,Absorção de dano atual,,,
Remaining amount,JGPHUD_MAINBARS_NUMCOL_AMOUNT,"Option for ""What color reflects"": color changes based on the remaining amount of Armor/Health",Оставшийся запас,Valor restante,,,
Nothing (always single color),JGPHUD_MAINBARS_NUMCOL_FIXED,"Option for ""What color reflects"": one fixed color",Ничего (всегда один цвет),Nada (uma cor),,,
Single color,JGPHUD_MAINBARS_NUMCOL_FIXED_LABEL,"This appears is ""What color reflects"" is set to Nothing (always single color)",Один цвет,Uma cor,,,
Choose colors:,JGPHUD_MAINBARS_NUMCOL_CHOOSE,Sub-title above color selectors,Выберите цвета:,Escolha as cores:,,,
Number of ranges,JGPHUD_MAINBARS_GRADIENT_NOOFRANGES,"Element in the section for health and armor numbers. This element allows the user to modify how manu color ranges their health/armor numbers will have (for example, they can choose 2 ranges to only cover 0-25% and 25-200%, or 4 ranges for 0-25%, 26-50%, 51-75%, 76-200%, or more). Specifically, this determines the number of ranges displayed in the complex custom menu element that allows them to set this up.",Число диапазонов,,,,
Color mode,JGPHUD_MAINBARS_GRADIENT_MODE,"Element in the section for health and armor numbers. Possible values: ""Flat colors"" or ""Gradients"". This lets the user decide if their health/armor bars/numbers will change their colors gradually or instantly when approaching certain values.",Режим расцветки,,,,
Flat colors,JGPHUD_MAINBARS_GRADIENT_MODE_FLAT,"Option for ""Color mode"", in reference to health/armor numbers/bars colorization mode. This option means that the color of the numbers/bars will change immediately when entering a specific range.
This can also be translated as ""fixed colors"". Basically, this means that the colors will change from one fixed color to another, not using gradients.",Фиксированные цвета,,,,
Gradients,JGPHUD_MAINBARS_GRADIENT_MODE_GRADIENT,"Option for ""Color mode"", in reference to health/armor numbers/bars colorization mode. This option means that the color of the numbers/bars will change gradually as the value moves between the user-defined ranges.",Градиенты,,,,
0-25% amount color,JGPHUD_MAINBARS_NUMCOL_AMTRANGE_25,NO LONGER USED,0-25% запаса,Cor para 0-25%,,,
26-50% amount color,JGPHUD_MAINBARS_NUMCOL_AMTRANGE_50,NO LONGER USED,26-50% запаса,Cor para 26-50%,,,
51-75% amount color,JGPHUD_MAINBARS_NUMCOL_AMTRANGE_75,NO LONGER USED,51-75% запаса,Cor para 51-75%,,,
76-100% amount color,JGPHUD_MAINBARS_NUMCOL_AMTRANGE_100,NO LONGER USED,76-100% запаса,Cor para 76-100%,,,
101+% amount color,JGPHUD_MAINBARS_NUMCOL_AMTRANGE_101,NO LONGER USED,101+% запаса,Cor para 101% ou mais,,,
33% absorption color,JGPHUD_MAINBARS_NUMCOL_ABSRANGE_33,NO LONGER USED,33% поглощения урона,Cor para 33% de absorção,,,
50% absorption color,JGPHUD_MAINBARS_NUMCOL_ABSRANGE_50,NO LONGER USED,50% поглощения урона,Cor para 50% de absorção,,,
66% absorption color,JGPHUD_MAINBARS_NUMCOL_ABSRANGE_66,NO LONGER USED,66% поглощения урона,Cor para 66% de absorção,,,
80% absorption color,JGPHUD_MAINBARS_NUMCOL_ABSRANGE_80,NO LONGER USED,80% поглощения урона,Cor para 80% de absorção,,,
100% absorption color,JGPHUD_MAINBARS_NUMCOL_ABSRANGE_100,NO LONGER USED,100% поглощения урона,Cor para 100% de absorção,,,
Mugshot,JGPHUD_MUGSHOT_TITLE,"Title of the submenu with mugshot settings
Can also be translated as ""protagonist's face"" and similar",Лицо персонажа,Rosto,,,
Mugshot display mode,JGPHUD_MUGSHOT_ENABLE,"Name for the option that controls how the mugshot is displayed. Possible options:
off, left of health/armor display, right of health/armor display, independent",Режим отображения,Modo de exibição do rosto,,,
Left of health/armor display,JGPHUD_MUGSHOT_RIGHTBARS,The mugshot is attached to the left side of the health/armor element,Слева от здоровья/брони,Esquerda da vida e armadura,,,
Right of health/armor display,JGPHUD_MUGSHOT_LEFTBARS,The mugshot is attached to the right side of the health/armor element,Справа от здоровья/брони,Direita da vida e armadura,,,
Independent,JGPHUD_MUGSHOT_DETACHED,"The mugshot is positioned independently, as its own element",Независимое положение,Independente,,,
Current ammo and weapon,JGPHUD_AMMOBLOCK_TITLE,Title of the submenu that controls the element with the currently selected weapon's icon and its ammo information.,Текущий боезапас и оружие,Arma e munição atuais,Aktuelle Munition und Waffe,Arma y munición actual,Armes et munitions actuelles
Current ammo display,JGPHUD_AMMOBLOCK_ENABLE,"Whether current ammo is displayed. Possible values: On, Off.",Показывать патроны для текущего оружия,Exibir munição atual,Aktuelle Munition anzeigen,Mostrar munición actual,Affichage des munitions actuelles
Display weapon icon,JGPHUD_AMMOBLOCK_SHOWWEAP,Whether selected weapon icon is displayed (On/Off),Показывать значок текущего оружия,Exibir ícone da arma,Aktuelle Waffe anzeigen,Mostrar icono del arma,Affichage des icônes d’armes
Display ammo bars,JGPHUD_AMMOBLOCK_SHOWAMMOBAR,"Whether a gauge for the ammo is displayed (On/Off). If set to OFF, only the number will be shown.

This string was updated so that ""bars"" is now PLURAL.",Показывать шкалы патронов,Exibir barras de munição,Munitionsleiste anzeigen,Mostrar barra de munición,Affichage de la barre de munitions
All ammo,JGPHUD_ALLAMMO_TITLE,Title for the submenu that controls the display of all ammo possessed by the player.,Общий боезапас,Todas as munições,Gesamte Munition,Todas las municiones,Toutes les munitions
Display all ammo,JGPHUD_ALLAMMO_ENABLE,"Whether to display a separate block with all ammo currently in the player's inventory. Options: Off, For the weapons you have, For all weapons in the game",Показывать общий боезапас,Exibir todas as munições,Gesamte Munition anzeigen,Mostrar todas las municiones,Affichage de toutes les munitions
For the weapons you have,JGPHUD_ALLAMMO_OWNEDWEAPONS,All Ammo block option: only draw ammo icons/amounts for the weapons the player has in their inventory,Только для оружия в инвентаре,Para as armas que você tem,Nur für mitgeführte Waffen,Para armas en posesión,Pour les armes que vous avez
For all weapons in the game,JGPHUD_ALLAMMO_ALLWEAPONS,All Ammo block options: draw ammo for all weapons that exist in the current game,Для всех видов оружия в игре,Para todas as armas do jogo,Für alle Waffen im Spiel,Para todas las armas,Pour toutes les armes du jeu
Show depleted ammo,JGPHUD_ALLAMMO_SHOWDEPLETED,Whether to show the ammo you've run out of in the All Ammo block (On/Off),Показывать израсходованные патроны,Exibir munições esgotadas,Verbrauchte Munition anzeigen,Mostrar municiones vacias,Afficher les munitions épuisées
Number of columns,JGPHUD_ALLAMMO_COLUMNS,A numeric option that determines if the All Ammo list is drawn in several columns (default: 1).,Число столбцов,Número de colunas,,,
Display format,JGPHUD_ALLAMMO_DISPLAYFORMAT,"The ammo numbers can show either current only, or current/max",Формат цифр,Formato de exibição,,,
Current amount only,JGPHUD_ALLAMMO_DISPLAYFORMAT_NOMAX,"Option for ""Display format""",Текущий запас патронов,Apenas a quantidade atual,,,
Current amount / Max amount,JGPHUD_ALLAMMO_DISPLAYFORMAT_MAX,"Option for ""Display format""",Текущий запас / макс. запас,Quantidade atual / Quantidade máxima,,,
$JGPHUD_AMMOBLOCK_SHOWAMMOBAR,JGPHUD_ALLAMMO_SHOWBARS,"Option for the All Ammo block. If enabled, will draw bars behind the numbers.

In English this is a duplicate of $JGPHUD_AMMOBLOCK_SHOWAMMOBAR (""Display ammo bars""), but you can supply a separate translation if this is needed in your language.",$JGPHUD_AMMOBLOCK_SHOWAMMOBAR,$JGPHUD_AMMOBLOCK_SHOWAMMOBAR,$JGPHUD_AMMOBLOCK_SHOWAMMOBAR,$JGPHUD_AMMOBLOCK_SHOWAMMOBAR,$JGPHUD_AMMOBLOCK_SHOWAMMOBAR
Colors for the bars' gradient:,JGPHUD_ALLAMMO_BARCOLOR_TITLE,"Sub-title in the All Ammo block. This opens a section of the menu where you can set up the colors for the ammo bars, by picking the low color and the high color (the bar will automatically pick the color between the two based on the amount of ammo).",Цвета градиента шкал:,Cores do gradiente das barras,,,
Low ammo color,JGPHUD_ALLAMMO_BARCOLOR_LOW,The left-side/low ammo color for the ammo bars' gradient,"Цвет, когда мало патронов",Cor para pouca munição,,,
High ammo color,JGPHUD_ALLAMMO_BARCOLOR_HIGH,The right-side/high ammo color for the ammo bars' gradient,"Цвет, когда много патронов",Cor para muita munição,,,
Keys,JGPHUD_KEYS_TITLE,Title for the menu that controls the display of currently carried keys,Ключи,Chaves,Schlüssel,Llaves,Clés
Keys display,JGPHUD_KEYS_ENABLE,"Whether to show keys on the HUD. Values: On, Off.",Показывать ключи,Exibir chaves,Schlüssel anzeigen,Mostrar llaves,Affichage des clés
Weapon slots,JGPHUD_WEAPSLOTS_TITLE,Title for the menu that controls the display of weapon slots.,Ячейки оружия,Ícones de arma,Waffenplätze,Slots de armas,Emplacements d'armes
Weapon slots display,JGPHUD_WEAPSLOTS_ENABLE,"Whether to show weapon slots on the HUD. Values: Off, Show always, Auto-hide after a delay",Показывать ячейки оружия,Exibir ícones de arma,Waffenplätze anzeigen,Mostrar slots de armas,Affichage des emplacements d'armes
Powerup timers,JGPHUD_POWERUPS_TITLE,Title for the submenu,Таймеры усилений,Tempos de potencializadores,Powerup-Timer,Contadores de powerups,Temps des powerups
Powerup timers display,JGPHUD_POWERUPS_ENABLE,Whether  to show visible timers (minutes and seconds) for currently active power-ups,Показывать таймеры усилений,Exibir tempos de potencializadores,Powerup-Timer anzeigen,Mostrar contadores de powerups,Affichage du temps des powerups
Inventory bar,JGPHUD_INVBAR_TITLE,Title for the submenu,Полоса инвентаря,Barra de inventário,Inventarleiste,Barra de inventario,Barre d’inventaire
Inventory bar display,JGPHUD_INVBAR_ENABLE,"Whether to show an inventory bar (where applicable, like Heretic, Hexen, Strife)",Показывать полосу инвентаря,Exibir barra de inventário,Inventarleiste anzeigen,Mostrar barra de inventario,Affichage de la barre d’inventaire
Always show full inventory bar,JGPHUD_INVBAR_ENABLEALWAYS,"If this is false, inventory bar will auto-hide after 2 seconds and only the currently selected item will be shown.",Не скрывать полосу инвентаря,Sempre exibir barra de inventário completa,Immer ganze Inventarleiste anzeigen,Siempre mostrar todo el inventario,Toujours afficher la barre d'inventaire complète
"If inventory bar is always shown, ""Use Item"" button will
instantly use the item. If not, first press will select the
item, second press will use it.",JGPHUD_INVBAR_ENABLEALWAYS_NOTE,"Keep under 4 lines! Use real linebreaks (Ctrl-Enter) to add new lines, so that each line is under 60 characters","Если полоса инвентаря всегда включена, кнопка «Использовать
предмет» сразу использует его. В противном случае первое
нажатие выбирает предмет, а второе использует.","Se a barra de inventário estiver sempre visível,
o botão ""Usar item"" funcionará instantaneamente.
Caso contrário, apertar uma vez selecionará
o item, e a segunda vez irá usá-lo.","""Gegenstand aktivieren"" aktiviert Gegenstände sofort,
falls die ganze Inventarleiste angezeigt wird.
Falls nicht, werden Gegenstände beim ersten Drücken
ausgewählt und beim zweiten Drücken aktiviert.","Si la barra de inventario siempre se muestra, ""Usar objeto""
usará el objeto de inmediato, de lo contrario, primero se
seleccionará y luego se usará.","Si la barre d'inventaire est toujours affichée, le bouton
""Utiliser l'objet"" utilise instantanément l'objet. Sinon, la première
pression sélectionnera l'objet, la seconde l'utilisera."
"Note: Inventory bar will only appear in games/mods
that have items that can be placed in inventory
and used from it.",JGPHUD_INVBAR_NOTE,"Keep under 4 lines! Use real linebreaks (Ctrl-Enter) to add new lines, so that each line is under 60 characters","Внимание: полоса инвентаря отображается, только если
в игре/моде есть предметы, которые можно использовать
из инвентаря.","Obs.: a barra de inventário aparece apenas em
jogos/mods que têm itens que podem ser
colocados no inventário e usados a partir dele.","Beachte: Inventarleiste wird nur in Spielen/Mods
angezeigt, in denen Gegenstände vom Inventar aus
aktiviert werden können.","Nota: la barra solo aparecerá en juegos y mods que
contengan objetos de inventario utilizables.","Remarque : la barre d'inventaire n'apparaît que dans les
jeux/mods dont les objets peuvent être placés dans
l'inventaire et être utilisés à partir de celui-ci."
Max number of visible items,JGPHUD_INVBAR_MAXFIELDS,"Inventory bar option that determines how many items you can see at once, effectively determining the max width of the bar.
This is a numeric slider. Default value is 7.",Максимальное число видимых предметов,Máximo de itens visíveis,,,
"Minimap, radar and map data",JGPHUD_MAPDATA_GEN_TITLE,General title for the submenu that contains minimap and map data settings,Мини-карта и данные об уровне,"Minimapa, radar e informações do mapa","Minikarte, Radar und Kartendaten","Minimapa, radar e información","Minimap, radar et données de la carte"
Minimap and monster radar,JGPHUD_MINIMAP_TITLE,Option block title,Мини-карта,Minimapa e radar de monstros,Minikarte und Monsterradar,Minimapa y radar de monstruos,Minimap et radar à monstres
"Note: The minimap may cause performance issues on maps
with complex geometry, especially at low zoom values.",JGPHUD_MINIMAP_NOTE,"Keep under 4 lines! Use real linebreaks (Ctrl-Enter) to add new lines, so that each line is under 60 characters","Примечание: мини-карта может вызывать проблемы с
производительностью на уровнях со сложной геометрией,
особенно при низком приближении.","Obs.: o minimapa pode causar problemas de
desempenho em mapas complexos.","Beachte: Minikarte kann Leistungseinbrüche auf Karten mit
komplexer Geometrie verursachen, insbesondere bei
niedrigem Zoom.","Nota: el minimapa puede causar pérdida de cuadros en
mapas complejos, especialmente con bajo zoom.","Remarque : la minimap peut entraîner des problèmes de
performance sur les cartes à géométrie complexe, en
particulier lorsque le zoom est faible. à géométrie
complexe, en particulier lorsque le zoom est faible."
Minimap and monster radar display,JGPHUD_MINIMAP_ENABLE,Whether to draw the minimap and the enemy markers. Possible values: Off / Minimap only / Enemy markers only / Both,Отображение мини-карты и маркеров врагов,Exibir minimapa e radar de monstros,Anzeige für Minikarte und Monsterradar,Minimapa y radar de monstruos,Minimap et affichage du radar à monstres
Minimap only,JGPHUD_MINIMAP_MAPONLY,"Possible value for ""Minimap and enemy radar display"" option",Только мини-карта,Apenas minimapa,Nur Minikarte,Solo minimapa,Mini-carte seulement
Monster markers only,JGPHUD_MINIMAP_RADARONLY,"Possible value for ""Minimap and enemy radar display"" option",Только маркеры врагов,Apenas marcadores de monstros,Nur Monstermarker,Solo marcadores de monstruos,Marqueurs de monstres uniquement
Minimap and monster markers,JGPHUD_MINIMAP_BOTH,"Possible value for ""Minimap and enemy radar display"" option",Мини-карта и маркеры врагов,Minimapa e marcadores de monstros,Minikarte und Monstermarker,Minimapa y marcadores,Minimap et marqueurs de monstres
Background opacity,JGPHUD_MINIMAP_OPACITY,A 0.0-1.0 slider that determines the opacity of the minimap/radar background,Прозрачность фона,Opacidade do fundo,Hintergrunddeckkraft,Opacidad de fondo,Opacité de l'arrière-plan
Minimap/radar size,JGPHUD_MINIMAP_SIZE,A slider,Размер мини-карты/радара,Tamanho do minimapa e radar,Minikarten- und Radargrösse,Tamaño del mapa y radar,Taille de la mini-carte/radar
Minimap/radar shape,JGPHUD_MINIMAP_SHAPE,Square or circle,Форма мини-карты/радара,Formato do minimapa e radar,Minikarten- und Radarform,Forma del mapa y radar,Forme de la mini-carte/radar
Minimap/radar zoom,JGPHUD_MINIMAP_ZOOM,A slider for the zoom value,Приближение мини-карты/радара,Zoom do minimapa e radar,Minikarten- und Radarzoom,Zoom del mapa y radar,Zoom de la mini-carte/radar
Built-in map markers,JGPHUD_MINIMAP_MAPMARKERS,"This option toggles generalized map markers that appear on GZDoom's automap if a MapMarker-class actor is placed on it. Vanilla games don't use them, but they may be used in mods and custom projects (e.g. Supplice).",Встроенные маркеры на карте,Marcadores de mapa embutidos,,,
Map markers' scale,JGPHUD_MINIMAP_MAPMARKERS_SCALE,A scale slider for the built-in map markers,Масштаб маркеров на карте,Escala dos marcadores de mapa,,,
Minimap/radar color set,JGPHUD_MINIMAP_COLORSET,"General option for the minimap that determines which colors will be used. At 0 uses same colors as the automap, at 1 uses custom colors.",Цвета мини-карты/радара,Cores do minimapa e radar,,,
Same as automap,JGPHUD_MINIMAP_DEFAULTCOLORS,"Option for ""Minimap/radar color set"". If this is set, the minimap will use the same colors as GZDoom's automap.","Те же, что в автокарте",As mesmas do automapa,,,
Circle,JGPHUD_MINIMAP_SHAPE_CIRCLE,possible minimap shape,Круг,Círculo,Kreis,Circular,Cercle
Square,JGPHUD_MINIMAP_SHAPE_SQUARE,possible minimap shape,Квадрат,Quadrado,Quadrat,Cuadrada,Carré
Monster markers display,JGPHUD_MINIMAP_ENEMIES,"Whether to show enemies on the minimap. Possible options: Only alerted enemies / All enemies
This option becomes available when ""Minimap and enemy radar display"" is set either to ""Enemy markers only"" or ""Minimap and enemy markers""",Отображение маркеров врагов,Exibir marcadores de monstros,Monstermarker-Anzeige,Marcadores de monstruos,Affichage des marqueurs de monstres
Only alerted monsters,JGPHUD_MINIMAP_ENEMIES_ALERTED,"Option for ""Show enemies on the minimap""",Только для активных врагов,Apenas monstros alertas,Nur alarmierte Monster,Solo en alerta,Uniquement les monstres alertés
All monsters,JGPHUD_MINIMAP_ENEMIES_ALL,"Option for ""Show enemies on the minimap""",Для всех врагов,Todos os monstros,Alle Monster,Todos,
Monster markers shape,JGPHUD_MINIMAP_ENEMIES_SHAPE,An option to choose the shape of enemy markers. Possible values: Arrow / Dot ,Форма маркеров противников,Formato dos marcadores de monstro,Monstermarker-Form,Forma del marcador,Forme des marqueurs de monstres
Arrow,JGPHUD_MINIMAP_ENEMIES_SHAPE_ARROW,"Option for ""Enemy markers shape""",Стрелка,Seta,Pfeil,Flecha,Flèche
Dot,JGPHUD_MINIMAP_ENEMIES_SHAPE_DOT,"Option for ""Enemy markers shape""",Точка,Ponto,Punkt,Punto,Point
Monster markers size,JGPHUD_MINIMAP_MAPMARKERSCALE,A slider that determines the size of the enemy markers. At 0 (default) the markers are equal to the size of the monster and thus change their visual size according to the minimap's zoom value. At values above 0 they become fixed in size regardless of zoom.,Размер маркеров монстров,Tamanho dos marcadores de monstro,Monstermarker-Grösse,Tamaño del marcador,Taille des marqueurs de monstres
Match the size of the object,JGPHUD_MINIMAP_MAPMARKERSCALE_REAL,"The default value for ""monster markers size""",Соответствует размеру объекта,Corresponder ao tamanho do objeto,an Objekt anpassen,Tamaño del objeto,Correspondre à la taille de l'objet
Cardinal directions display,JGPHUD_MINIMAP_CARDINAL_ENABLE,"Determines whether the cardinal direction letters (N, W, E, S) will be displayed on the minimap.
Possible values: Off / Along a circular trajectory / Along the minimap's edge",Показывать стороны света,Exibir bússola,Himmelsrichtung anzeigen,Mostrar direcciones cardinales,Affichage des directions cardinales
Along a circular trajectory,JGPHUD_MINIMAP_CARDINAL_CIRCULAR,"The cardinal direction letters will always rotate along a circle, even if the minimap is set to use the square shape",По круговой траектории,Em uma trajetória circular,Entlang einer Kreisbahn,En trajectoria circular,Le long d'une trajectoire circulaire
Along the minimap's edge,JGPHUD_MINIMAP_CARDINAL_MATCHMAP,"The cardinal direction letters will slide along the minimap's edge, either in a circular or square bounding box, depending on the currently used minimap's shape.",Всегда по краю мини-карты,Ao redor da borda do minimapa,Entlang des Minikartenrands,Alrededor del mapa,Le long du bord de la minimap
Cardinal directions' color,JGPHUD_MINIMAP_CARDINAL_COLOR,A color picker that determines the color of the N W E S letters on the minimap,Цвет  сторон света,Cor das direções cardinais,Himmelsrichtung-Farbe,Color de dir. cardinales,Couleur des directions cardinales
Cardinal directions' size,JGPHUD_MINIMAP_CARDINAL_SIZE,"A slider that determines the size of the cardinal direction letters (N, W, E, S) on the minimap.",Размер сторон света,Tamanho das direções cardinais,Himmelsrichtung-Grösse,Tamaño de dir. cardinales,Taille des directions cardinales
Lines and colors,JGPHUD_MINIMAP_LINESANDCOLORS_TITLE,"A subtitle for a minimap menu section where you control things like ""Undiscovered lines opacity"" and the colors of the lines",Линии и цвета,Linhas e cores,Linien und Farben,Lineas y colores,Lignes et couleurs
Display undiscovered lines,JGPHUD_MINIMAP_DRAWNOTSEEN,NO LONGER USED,Показывать ещё не обнаруженные линии,Exibir linhas não descobertas,Unentdeckte Linien zeichnen,Mostrar lineas no descubiertas,Montrer lignes non découvertes
Opacity of not-yet-seen walls,JGPHUD_MINIMAP_DRAWNOTSEEN_ALPHA,0.0-1.0 slider that determines the translucency of the walls that the player hasn't seen yet.,Прозрачность еще не виденных стен,,,,Opacité des lignes non découvertes
Non-blocking wall thickness,JGPHUD_MINIMAP_LINETHICKNESS_NONBLOCKING,A numeric slider that determines the thickness of non-blocking (passable) walls on the minimap.,Толщина неблокирующих стен,,,,
Blocking wall thickness,JGPHUD_MINIMAP_LINETHICKNESS_BLOCKING,A numeric slider that determines the thickness of blocking (impassable) walls on the minimap.,Толщина блокирующих стен,,,,
Lines around different floor heights,JGPHUD_MINIMAP_DRAWFLOORDIFF,NO LONGER USED,Линии секторов с разной высотой пола,Linhas ao redor de alturas do chão diferentes,Linien bei Deckenunterschieden,Mostrar cambios de altura de piso,Lignes autour de différentes hauteurs de plancher
Lines around different ceiling heights,JGPHUD_MINIMAP_DRAWCEILINGDIFF,NO LONGER USED,Линии секторов с разной высотой потолка,Linhas ao redor de alturas do teto diferentes,Linien bei Bodenunterschieden,Mostrar cambios de altura de techo,Lignes autour de différentes hauteurs de plafond
Walls,JGPHUD_MINIMAP_COLOR_LINES,Color for regular minimap lines,Стены,Paredes,,,Lignes
Interactive walls,JGPHUD_MINIMAP_COLOR_INTLINES,"color for interactive minimap lines (activateable by pressing Use, but not requiring a key, because locked lines will have a lock color)",Интерактивные стены,Paredes interativas,,,Lignes interactives
Separate color for all not-yet-seen walls,JGPHUD_MINIMAP_COLOR_SPECIALNOTSEENCOL,"If enabled, the user will be able to assign a separate color for the not-yet-seen walls. (On/Off)",Отдельный цвет для еще не виденных стен,,,,
Map data display,JGPHUD_MAPDATA_TITLE,This is a title for a block of options that determine what kind of extra data about the current map is drawn on the HUD,Данные об уровне,Dados do mapa,Kartendaten,Datos del mapa,Affichage des données de la carte
Show map time,JGPHUD_MAPDATA_TIME,Option in the Map Data options block (On/Off),Показывать время уровня,Exibir tempo do mapa,Kartenzeit anzeigen,Mostrar tiempo,Temps de la carte
Show kill count,JGPHUD_MAPDATA_KILLS,Option in the Map Data options block (On/Off),Показывать убийства,Exibir contagem de vitimas,Anzahl der Abschüsse anzeigen,Mostrar enemigos muertos,Nombre de morts
Show secrets count,JGPHUD_MAPDATA_SECRETS,Option in the Map Data options block (On/Off),Показывать секреты,Exibir contagem de segredos,Anzahl der Geheimnisse anzeigen,Mostrar contador de secretos,Nombre de secrets
Show items count,JGPHUD_MAPDATA_ITEMS,Option in the Map Data options block (On/Off),Показывать предметы,Exibir contagem de itens,Anzahl der Gegenstände anzeigen,Mostrar contador de objetos,Nombres d’objets
Map data scale,JGPHUD_MAPDATA_SCALE,A slider that changes the size of the block with kill/item/secret counts. The base size is determined by the size of the minimap; this slider lets the player adjust the relative size.,Масштаб мини-карты,Escala dos dados do mapa,,,
Scoreboard,JGPHUD_SCOREBOARD_TITLE,"Menu title for showing scoreboard (like the built-in scoreboard, but a small, always visible version)",Таблица очков,,,,
Scoreboard display mode,JGPHUD_SCOREBOARD_ENABLE,"Menu element for setting up  how the scoreboard will appear. Possible values are ""Off"", ""Full"", ""Only top player"", ""Only you""",Отображение таблицы очков,,,,
Full,JGPHUD_SCOREBOARD_ENABLE_FULL,Scoreboard display mode. Shows full scoreboard.,Полная,,,,
Only top player,JGPHUD_SCOREBOARD_ENABLE_TOP1,"Scoreboard display mode. Shows only the player with the highest number of frags, and also you, if you're not the top player.",Только лучший игрок,,,,
Only you,JGPHUD_SCOREBOARD_ENABLE_YOU,Scoreboard display mode. Shows only you and your frags.,Только вы,,,,
Crosshair options,JGPHUD_CROSSHAIR_TITLE,Title for a menu section containing various crosshair options,Настройки прицела,Opções de mira,Fadenkreuzoptionen,Opciones de la mirilla,Options des réticules
Hit markers,JGPHUD_CROSSHAIR_HITMARKERS_TITLE,The title for the menu section. Hit markers are markers around the crosshair that appear when your attack hits an enemy.,Индикаторы попадания,Marcadores de dano,Treffermarker,Marcadores de daño,Marqueurs d'impact
Draw enemy hit markers around crosshair,JGPHUD_CROSSHAIR_HITMARKERS,Small angled cross marker around the crosshair when a player's attack hits an enemy.,Индикаторы попадания по врагам вокруг прицела,Exibir marcadores de acerto em volta da mira,Trefferanzeige am Fadenkreuz,Mostrar marcadores de daño contra enemigos,Dessiner les marqueurs d'impact de l'ennemi autour du réticule
Hit markers color,JGPHUD_CROSSHAIR_HITMARKERS_COLOR,Color of hit markers,Цвет индикаторов,Cor dos marcadores de acerto,Treffermarker-Farbe,Color de marcadores de daño,Couleur des marqueurs d'impact
Hit markers size,JGPHUD_CROSSHAIR_HITMARKERS_SIZE,"A slider that determines the size of hit markers. At 0 uses ""Relative to crosshair size""",Размер индикаторов,Tamanho dos marcadores de acerto,Treffermarker-Grösse,Tamaño de marcadores de daño,Taille des marqueurs d'impact
Relative to crosshair size,JGPHUD_CROSSHAIR_HITMARKERS_SIZE_RELATIVE,"The default option for ""Hit markers size""",Зависит от размера прицела,Relativo ao tamanho da mira,Relativ zum Fadenkreuz,Relativos al tamaño de mirilla,Par rapport à la taille du réticule
Hit markers shape,JGPHUD_CROSSHAIR_HITMARKERS_SHAPE,Option that lets player pick a specific shape for the hitmarkers (the options are listed below),Форма индикаторов,Formato dos marcadores de acerto,Treffermarker-Form,Forma del marcador de daño,Forme des marqueurs d'impact
Cross,JGPHUD_CROSSHAIR_HITMARKERS_SHAPE_Cross,A cross shape made out of 4 small pins,Крест,Cruz,Kreuz,Cruz,Croix
Angled cross,JGPHUD_CROSSHAIR_HITMARKERS_SHAPE_AngledCross,"Samel as cross, but angled 45 degrees",Наклоненный крест,Cruz angulada,Angewinkeltes Kreuz,Cruz en ángulo,Croix coudée
4 triangles,JGPHUD_CROSSHAIR_HITMARKERS_SHAPE_Triangles,A cross shape made out of 4 triangles,4 треугольника,4 triângulos,4 Dreiecke,4 triangulos,4 triangles
4 angled triangles,JGPHUD_CROSSHAIR_HITMARKERS_SHAPE_AngledTriangles,"Same as 4 triangles, but angled 45 degrees (this is what FlexiHUD was originally using)",4 наклоненных треугольника,4 triângulos angulados,4 angewinkelte Dreiecke,4 triangulos en ángulo,4 triangles coudés
Circle,JGPHUD_CROSSHAIR_HITMARKERS_SHAPE_Circle,"Circle, as in a ring around the crosshair. Not to be confused with ""disk""! Can be translated as ""ring""",Кольцо,Círculo,Kreis,Circulo,Cercle
Disk,JGPHUD_CROSSHAIR_HITMARKERS_SHAPE_Disk,"Disk shape, i.e. a filled circle. Not to be confused with ""circle""!",Круг,Disco,Scheibe,Disco,Disque
Square,JGPHUD_CROSSHAIR_HITMARKERS_SHAPE_Square,Simple square shape,Квадрат,Quadrado,Quadrat,Cuadrado,Carré
Diamond,JGPHUD_CROSSHAIR_HITMARKERS_SHAPE_Diamond,"Diamond shape, i.e. a square angled 45 degrees",Ромб,Diamante,Diamant,Diamante,Carreau
Health/armor/ammo bars around crosshair,JGPHUD_CROSSHAIR_BARS_ENABLE,Curved bars around the crosshair in the style of Half-Life 2,Индикаторы здоровья/брони/патронов вокруг прицела,Barra de vida/armadura/munição ao redor da mira,Gesundheits-/Rüstungs-/Munitionsanzeige am Fadenkreuz,Barras de vida/armadura/munición en la mirilla,Barre de santé/armure/munitions autour du réticule
Bars size,JGPHUD_CROSSHAIR_BARS_SIZE,Option for the bars around the crosshair,Размер индикаторов,Tamanho das barras,Leistengrösse,Tamaño de las barras,Taille des barres
Bars opacity,JGPHUD_CROSSHAIR_BARS_ALPHA,Option for the bars around the crosshair,Прозрачность индикаторов,Opacidade das barras,Leistendeckkraft,Opacidad de las barras,Opacité des barres
Bars width (multiplier),JGPHUD_CROSSHAIR_BARS_WIDTH,Option for the bars around the crosshair,Ширина индикаторов (множитель),Largura das barras (multiplicador),Leistenbreite (Multiplikator),Grosor de las barras (multiplicador),Largeur des barres (multiplicateur)
Numbers next to bars,JGPHUD_CROSSHAIR_BARS_TEXT,"Option for the bars around the crosshair (On/Off). If enabled, small health/armor numbers will be shown next to the bars around the crosshair.",Цифры рядом с индикаторами,Números perto das barras,Nummern neben den Leisten,Contadores,Nombres à coté des barres
Show always,JGPHUD_CROSSHAIR_BARS_ALWAYS,Option for the bars around the crosshair,Показывать всегда,Sempre exibir,Immer anzeigen,Mostrar siempre,Toujour montrer
Auto-hide after a delay,JGPHUD_CROSSHAIR_BARS_AUTOHIDE,"Generalized option name. Used in Weapon Slots, bars around the crosshair and o thers.",Скрывать через некоторое время,Desaparecer depois de um tempo,Nach einer Weile automatisch ausblenden,Desvanecer cuando los valores no cambien,Masquage automatique après un délai
Show enemy health next to crosshair,JGPHUD_CROSSHAIR_ENEMYHEALTH,Show a curved bar above the crosshair depicting the health of the enemy you're looking at,Показывать здоровье текущего противника,Exibir vida do inimigo perto da mira,Gegnergesundheit am Fadenkreuz anzeigen,Mostrar vida de los enemigos,Montrer la santé des ennemis près du réticule
Bars background,JGPHUD_CROSSHAIR_BARS_BKG,(Possible future option) Whether to draw a dark background behind the health/armor/ammo bars around the crosshair,Фон индикаторов,Fundo das barras,Leistenhintergrund,Mostrar fondo para las barras,Arrière-plan des barres
Health and armor bar,JGPHUD_CROSSHAIR_BARS_HP,Health/armor bar next to the crosshair (off/left/top/right/bottom),Индикатор здоровья/брони,Barras de vida e armadura,Gesundheit und Rüstung,Barra de vida y armadura,Barre de santé et d’armure
Ammo bar,JGPHUD_CROSSHAIR_BARS_AMMO,Ammo bar next to the crosshair (off/left/top/right/bottom),Индикатор патронов,Barra de munição,Munition,Barra de municiones,Barre de munition
Enemy health bar,JGPHUD_CROSSHAIR_BARS_ENEMYHP,Enemy health bar next to the crosshair (off/left/top/right/bottom),Индикатор здоровья врага,Barra de vida do inimigo,Gegnergesundheit,Barra de vida de enemigos,Barre de santé des ennemis
Left,JGPHUD_CROSSHAIR_BARS_POS_L,To the left of the crosshair,Слева,À esquerda,Links,Izquierda,Gauche
Top,JGPHUD_CROSSHAIR_BARS_POS_T,Above the crosshair,Вверху,Acima,Oben,Arriba,Haut
Right,JGPHUD_CROSSHAIR_BARS_POS_R,To the right of the crosshair,Справа,À direita,Rechts,Derecha,Droite
Bottom,JGPHUD_CROSSHAIR_BARS_POS_B,Below the crosshair,Внизу,Abaixo,Unten,Abajo,Bas
Custom items,JGPHUD_CustomItems_TITLE,"Menu title. Controls the block with items that can be added by the mod's user via a special ITEMINFO lump. This exists for the cases when FlexiHUD is played with another mod that defines item that don't automatically appear in the inventory bar, such as grenades in Brutal Doom Platinum.
""Custom"" is used in the sense ""defined by the user""",Пользовательские предметы,Itens personalizados,Eigene Gegenstände,Items personalizados,Objets personnalisés
Display custom items,JGPHUD_CustomItems_ENABLE,"Whether to draw custom items (they can be specified by the user in the ITEMINFO lump for greater compatibility). Values: On, Off.",Показывать пользовательские предметы,Exibir itens personalizados,Eigene Gegenstände anzeigen,Mostrar items personalizados,Montrer objets customisés
"This special element can draw item classes
specified in the ITEMINFO lump.",JGPHUD_CustomItems_NOTE,"Multiline, keep under 3 lines
Use physical linebreaks (alt-Enter)","Этот блок показывает предметы, добавленные через
файл ITEMINFO.","Este elemento especial pode mostrar classes
de itens especificadas no arquivo ITEMINFO.","Dieses spezielle Element kann Gegenstandklassen
anzeigen, die im ITEMINFO lump spezifiziert sind.","Este elemento especial puede mostrar clases
personalizadas de items definidas en ITEMINFO.","Cet élément spécial peut montrer des classes
d'objets spécifiées dans le bloc ITEMINFO."
Presets,JGPHUD_Presets_Title,Title for the Presets submenu,Пресеты,Predefinições,Voreinstellungen,Predefinidos,Préréglages
Load,JGPHUD_Presets_Verb_Load,"Element in the user presets menu
This will no longer be used in string concatenation, this is a standalone element",Загрузить,Carregar,Laden,Cargar,Charger
Overwrite,JGPHUD_Presets_Verb_Overwrite,"Element in the user presets menu
This will no longer be used in string concatenation, this is a standalone element",Перезаписать,Sobrescrever,Überschreiben,Sobreescribir,Écraser
Delete,JGPHUD_Presets_Verb_Delete,"Element in the user presets menu
This will no longer be used in string concatenation, this is a standalone element",Удалить,Excluir,Löschen,Borrar,Supprimer
Cancel,JGPHUD_Presets_Menu_Cancel,"Element in the user presets menu
This will no longer be used in string concatenation, this is a standalone element",Назад,Cancelar,Abbrechen,Cancelar,Annuler
"Are you sure you want to %1s preset \""%2s\""?",JGPHUD_Presets_ConfirmAction,"NO LONGER USED

(This has been replaced with separate strings below.)","Вы точно хотите %1s пресет \""%2s\""?","Deseja mesmo %1s a predefinição \""%2s\""?","Bist du sicher, dass du die Voreinstellung \""%2s\"" %1s möchtest?","Quieres %1s la configuración \""%2s\""?","Êtes-vous sûr de vouloir %1s préréglage \""%2s\"" ?"
"Are you sure you want to load preset \""%s\""?",JGPHUD_Presets_ConfirmAction_Load,"Option for the user preset menu.
%s is the name of the preset, keep it intact. Please don't forget that quotation marks need escaping: \"" is valid but just "" is not.","Вы точно хотите загрузить пресет \""%s\""?","Deseja mesmo carregar a predefinição \""%s\""?",,,
"Are you sure you want to overwrite preset \""%s\""?",JGPHUD_Presets_ConfirmAction_Overwrite,"Option for the user preset menu.
%s is the name of the preset, keep it intact. Please don't forget that quotation marks need escaping: \"" is valid but just "" is not.","Вы точно хотите перезаписать пресет \""%s\""?","Deseja mesmo sobrescrever a predefinição \""%s\""?",,,
"Are you sure you want to delete preset \""%s\""?",JGPHUD_Presets_ConfirmAction_Delete,"Option for the user preset menu.
%s is the name of the preset, keep it intact. Please don't forget that quotation marks need escaping: \"" is valid but just "" is not.","Вы точно хотите удалить пресет \""%s\""?","Deseja mesmo excluir a predefinição \""%s\""?",,,
"Overwrite existing preset \""%s\""?",JGPHUD_Preset_Warning_Overwrite,"Option for the user preset menu.
%s is the name of the preset, keep it intact. Please don't forget that quotation marks need escaping: \"" is valid but just "" is not.","Перезаписать пресет \""%s\""?","Sobrescrever predefinição existente \""%s\""?","Voreinstellung \""%s\"" überschreiben?","Sobrescribir la configuración \""%s\""?","Écraser le préréglage existant ""%s\"" ?"
Preset name cannot contain whitespace,JGPHUD_Preset_Warning_Whitespace,Generic warning for the Presets menu,В названии пресета не должно быть пробелов,Nome da predefinição não pode conter espaço em branco,Name der Voreinstellung darf keine Leerzeichen enthalten,Nombre de la configuración no puede tener espacios,Le nom de la présélection ne peut pas contenir d'espace
Cannot create preset with empty name,JGPHUD_Preset_Warning_EmptyName,Generic warning for the Presets menu,Нельзя создать пресет с пустым названием,Não é possível criar predefinições com um nome em branco,Leerer Name für Voreinstellungen nicht möglich,No se puede crear configuración con nombre en blanco,Impossible de créer un préréglage avec un nom vide
Built-in presets,JGPHUD_Presets_Menu_BuiltIn,Title of a submenu in the Presets menu. Built-in presets are the presets that are bundled with FlexiHUD,Встроенные пресеты,Predefinições padrão,Eingebaute Voreinstellungen,Configuraciónes predefinidas,Préréglages intégrés
User presets,JGPHUD_Presets_Menu_User,Title of a submenu in the Presets menu. User presets are the ones created by the player.,Пользовательские пресеты,Predefinições do usuário,Benutzerdefinierte Voreinstellungen,Configuraciones del usuario,Préréglages utilisateur
Save current preset,JGPHUD_Presets_Menu_Save,Command in the Presets menu that saves the current settings into a preset,Сохранить текущие настройки в пресет,Salvar predefinição atual,Derzeitige Voreinstellung abspeichern,Guardar configuración actual,Sauvegarder le préréglage actuel
Are you sure you want to reset to default settings?,JGPHUD_Presets_Menu_ResetSettingsConfirm,This just resets all CVARs to their default values. This isn't tied to a preset.,Вы точно хотите сбросить настройки?,Deseja mesmo redefinir para as configurações padrão?,"Bist du sicher, dass du die Standardeinstellung wiederherstellen möchtest?",Quieres reiniciar a las configuraciones por defecto?,Êtes-vous sûr de vouloir rétablir les paramètres par défaut ?
Are you sure you want to load the default preset?,JGPHUD_Presets_Menu_ResetPresetConfirm,NO LONGER USED,Вы точно хотите загрузить пресет по умолчанию?,Deseja mesmo redefinir para as configurações padrão?,"Bist du sicher, dass du die Standard-Voreinstellung laden möchtest?",,Êtes-vous sûr de vouloir charger le préréglage par défaut ?
Preset name:,JGPHUD_Presets_Menu_Name,"When the user chooses ""Save current preset"", this line appears, followed by a text input field where the user has to enter the name for their current preset.",Название пресета:,Nome da predefinição:,Name der Voreinstellung:,Nombre de la Configuración,Nom du préréglage :
Confirm,JGPHUD_Presets_Menu_Confirm,A button the player presses after they've entered the preset name.,Подтвердить,Confirmar,Bestätigen,Confirmar,Confirmer
Minimap only,JGPHUD_Presets_BuiltInPreset_MinimapOnly,Built-in preset name. This preset only displays the minimap and hides everything else.,Только мини-карта,Apenas minimapa,Nur Minikarte,Solo minimapa,Minimap seulement
Damage markers only,JGPHUD_Presets_BuiltInPreset_DamageMarkersOnly,Built-in preset name. This preset only displays the directional incoming damage markers and nothing else.,Только индикаторы урона,Apenas marcadores de dano,Nur Schadensmarker,Solo marcadores de daño,Marqueurs de dégats seulement
Extra info only,JGPHUD_Presets_BuiltInPreset_ExtraInfoOnly,"Built-in preset name. This preset only displays the minimap, hitmarkers, incoming damage markers, custom items and an all ammo block, but doesn't display health, current weapon/ammo, weapon slots, or powerup timers.",Только доп. информация,Apenas informações extras,Nur Extrainfo,Solo informacion extra,Information supplémentaire seulement
Old school,JGPHUD_Presets_BuiltInPreset_OldOldSchool,"Built-in preset name. This preset is arranged at the bottom, kinda similar to the classic statusbar. It also uses opaque textured background. Doesn't show the minimap.
Could also be translated similar to ""retro"", ""vanilla-like"", ""classic look"", etc.",Олдскул,Retrô,Klassisch,Clásico,Classique
Minimalist,JGPHUD_Presets_BuiltInPreset_Minimalist,"Built-in preset name. This is a minimalistic preset that shows no background, no current weapon icon, no minimap; health/armor are displayed as numbers (not bars) and is mostly arranged at the bottom center.",Минимализм,Minimalista,Minimalistisch,Minimalista,Minimaliste
Arcade,JGPHUD_Presets_BuiltInPreset_Arcade,"Built-in preset name. This is a bright-green preset where bars around the crosshair are very large (in the style of GoldenEye), and weapon slots are on the right, below the minimap (which is in top right and set to ""monster markers only"" mode).",Аркадный,Fliperama,Arcade,Arcade,Arcade